Eesnimi;Perenimi;Isikukood;Kasutajanimi;EPost
Jüri;Tamberg;25.09.1999;juri.tamberg;juri.tamberg@asutus.com
Kätlin;Stepanov;11.10.1998;katlin.stepanov;katlin.stepanov@asutus.com
Anastassia;Tsvetkov;04.01.1999;anastassia.tsvetkov;anastassia.tsvetkov@asutus.com
Maria;Toomsalu;09.12.1998;maria.toomsalu;maria.toomsalu@asutus.com
Taisi;Kirss;13.09.1999;taisi.kirss;taisi.kirss@asutus.com
Joonas;Reimann;19.02.1998;joonas.reimann;joonas.reimann@asutus.com
Gabriel;Viks;18.01.1998;gabriel.viks;gabriel.viks@asutus.com
Ander;Moor;27.04.1999;ander.moor;ander.moor@asutus.com
Stepan;Simson;05.04.1999;stepan.simson;stepan.simson@asutus.com
Jelena;Matvejev;15.03.1999;jelena.matvejev;jelena.matvejev@asutus.com
Maris;Maslov;19.05.1999;maris.maslov;maris.maslov@asutus.com
Andrea;Sarapuu;12.03.1999;andrea.sarapuu;andrea.sarapuu@asutus.com
Olari;Kondratjev;18.08.1999;olari.kondratjev;olari.kondratjev@asutus.com
Aili;Käär;25.06.1999;aili.kaar;aili.kaar@asutus.com
Liilia;Mändla;24.08.1999;liilia.mandla;liilia.mandla@asutus.com
Toni;Kiik;10.05.1998;toni.kiik;toni.kiik@asutus.com
Mia;Pihelgas;16.01.1998;mia.pihelgas;mia.pihelgas@asutus.com
Rain;Kruglov;18.06.1998;rain.kruglov;rain.kruglov@asutus.com
Ene;Ossipov;06.07.1999;ene.ossipov;ene.ossipov@asutus.com
Daria;Konstantinov;31.10.1999;daria.konstantinov;daria.konstantinov@asutus.com
Ayrton;Gross;09.09.1998;ayrton.gross;ayrton.gross@asutus.com
Urmas;Krõlov;02.12.1998;urmas.krolov;urmas.krolov@asutus.com
Deivi;Kilk;29.09.1999;deivi.kilk;deivi.kilk@asutus.com
Kennet;Trei;10.05.1998;kennet.trei;kennet.trei@asutus.com
Olev;Kiis;11.04.1999;olev.kiis;olev.kiis@asutus.com
Kirsti;Vinogradov;04.03.1999;kirsti.vinogradov;kirsti.vinogradov@asutus.com
Teili;Parts;26.12.1999;teili.parts;teili.parts@asutus.com
Stiven;Järvesaar;24.11.1999;stiven.jarvesaar;stiven.jarvesaar@asutus.com
Frederik;Mändla;22.11.1999;frederik.mandla;frederik.mandla@asutus.com
Eerika;Liiv;13.11.1998;eerika.liiv;eerika.liiv@asutus.com
Matti;Tammik;30.08.1999;matti.tammik;matti.tammik@asutus.com
Daniel;Raud;26.01.1998;daniel.raud;daniel.raud@asutus.com
Kaire;Anderson;10.08.1999;kaire.anderson;kaire.anderson@asutus.com
Leonid;Pettai;15.04.1999;leonid.pettai;leonid.pettai@asutus.com
Anne;Sarapuu;20.07.1999;anne.sarapuu;anne.sarapuu@asutus.com
Berit;Fedorov;23.05.1999;berit.fedorov;berit.fedorov@asutus.com
Jüri;Powell;07.02.1999;juri.powell;juri.powell@asutus.com
Brittany;Popov;30.09.1998;brittany.popov;brittany.popov@asutus.com
Mart;Uus;05.10.1998;mart.uus;mart.uus@asutus.com
Anfissa;Koger;18.08.1999;anfissa.koger;anfissa.koger@asutus.com
Andre;Hunt;09.10.1998;andre.hunt;andre.hunt@asutus.com
Iris;Tuul;31.08.1998;iris.tuul;iris.tuul@asutus.com
Ranar;Kiis;24.07.1999;ranar.kiis;ranar.kiis@asutus.com
Raivo;Kilk;01.05.1998;raivo.kilk;raivo.kilk@asutus.com
Remi;Koort;25.06.1998;remi.koort;remi.koort@asutus.com
Jan Erik;Lauri;01.07.1999;janerik.lauri;janerik.lauri@asutus.com
Tanel;Kurg;12.08.1998;tanel.kurg;tanel.kurg@asutus.com
Alvar;Uus;03.09.1998;alvar.uus;alvar.uus@asutus.com
August;Johanson;09.05.1998;august.johanson;august.johanson@asutus.com
Sirle;Merila;19.04.1999;sirle.merila;sirle.merila@asutus.com
Marelle;Jürgenson;30.10.1999;marelle.jurgenson;marelle.jurgenson@asutus.com
Morten;Borissov;03.12.1998;morten.borissov;morten.borissov@asutus.com
Edgar;Pärna;10.10.1998;edgar.parna;edgar.parna@asutus.com
Elina;Lebedev;11.09.1998;elina.lebedev;elina.lebedev@asutus.com
Heiko;Jõesaar;20.09.1998;heiko.joesaar;heiko.joesaar@asutus.com
Grigori;Voronin;19.01.1998;grigori.voronin;grigori.voronin@asutus.com
Valentin;Kaljuvee;31.01.1998;valentin.kaljuvee;valentin.kaljuvee@asutus.com
Sirly;Liivak;26.03.1999;sirly.liivak;sirly.liivak@asutus.com
Laura-Liis;Zahharov;06.12.1999;lauraliis.zahharov;lauraliis.zahharov@asutus.com
Evita;Kull;25.10.1999;evita.kull;evita.kull@asutus.com
Stepan;Rüütel;28.06.1998;stepan.ruutel;stepan.ruutel@asutus.com
Merlin;Kesküla;06.08.1999;merlin.keskula;merlin.keskula@asutus.com
Getriin;Loorits;14.02.1998;getriin.loorits;getriin.loorits@asutus.com
Roberta;Randoja;25.03.1998;roberta.randoja;roberta.randoja@asutus.com
Mark;Melnik;14.01.1999;mark.melnik;mark.melnik@asutus.com
Lars;Mandel;06.08.1999;lars.mandel;lars.mandel@asutus.com
Sergey;Siim;14.05.1999;sergey.siim;sergey.siim@asutus.com
Julius;Kapp;03.07.1999;julius.kapp;julius.kapp@asutus.com
Vassili;Mitt;04.08.1999;vassili.mitt;vassili.mitt@asutus.com
Grethel;Volkov;10.08.1999;grethel.volkov;grethel.volkov@asutus.com
Arko;Kull;27.10.1998;arko.kull;arko.kull@asutus.com
Kerli;Org;22.08.1998;kerli.org;kerli.org@asutus.com
Hannabel;Roots;30.08.1998;hannabel.roots;hannabel.roots@asutus.com
Patricia;Jefimov;05.12.1999;patricia.jefimov;patricia.jefimov@asutus.com
Marko;Roots;03.10.1998;marko.roots;marko.roots@asutus.com
Martti;Anton;01.11.1999;martti.anton;martti.anton@asutus.com
Kerttu;Maripuu;30.06.1999;kerttu.maripuu;kerttu.maripuu@asutus.com
Toivo;Sikorski;12.08.1999;toivo.sikorski;toivo.sikorski@asutus.com
Mike;Laht;01.06.1998;mike.laht;mike.laht@asutus.com
Greete;Palm;13.11.1998;greete.palm;greete.palm@asutus.com
Keimo;Orlov;14.09.1998;keimo.orlov;keimo.orlov@asutus.com
Kirke;Kaljuste;09.05.1998;kirke.kaljuste;kirke.kaljuste@asutus.com
Tairo;Rätsep;12.11.1999;tairo.ratsep;tairo.ratsep@asutus.com
Hugo;Kallaste;22.09.1999;hugo.kallaste;hugo.kallaste@asutus.com
Taivo;Laas;16.04.1998;taivo.laas;taivo.laas@asutus.com
Marje;Andreev;23.08.1999;marje.andreev;marje.andreev@asutus.com
Agris;Andreev;13.12.1998;agris.andreev;agris.andreev@asutus.com
Simona;Pikk;14.07.1998;simona.pikk;simona.pikk@asutus.com
Anu;Lass;30.06.1999;anu.lass;anu.lass@asutus.com
Kristian;Tuul;19.12.1998;kristian.tuul;kristian.tuul@asutus.com
Roomet;Annus;24.11.1998;roomet.annus;roomet.annus@asutus.com
Ene;Kukk;08.09.1999;ene.kukk;ene.kukk@asutus.com
Margo;Õunapuu;08.03.1998;margo.ounapuu;margo.ounapuu@asutus.com
Indra;Randoja;20.04.1999;indra.randoja;indra.randoja@asutus.com
Natali;Danilov;20.02.1999;natali.danilov;natali.danilov@asutus.com
Kaimar;Ignatjev;04.09.1998;kaimar.ignatjev;kaimar.ignatjev@asutus.com
Eleri;Õunapuu;25.04.1999;eleri.ounapuu;eleri.ounapuu@asutus.com
Keiti;Rosenberg;19.12.1999;keiti.rosenberg;keiti.rosenberg@asutus.com
Rûta;Kļaviņš;31.12.1999;ruta.klavins;ruta.klavins@asutus.com
Elîza;Kalniņš;31.12.1999;eliza.kalnins;eliza.kalnins@asutus.com
Dārta;Bērziņš;31.12.1999;darta.berzins;darta.berzins@asutus.com
Šaša;Želežnjov;31.12.1999;sasa.zeleznjov;sasa.zeleznjov@asutus.com
